neighbourhood_id,neighbourhood_name,name,shop_type,category,brand,address,latitude,longitude,osm_id,osm_type
alta-vista,Alta Vista,NEW MIDDLEAST SUPERMARKET,,grocery,,1755 BANK ST,45.3737361,-75.6644327,,
bayshore,Bayshore,AR FOODMART,,grocery,,2914 CARLING AVE,45.3566152,-75.8008187,,
bayshore,Bayshore,MAC'S SUSHI,,grocery,,100 BAYSHORE DR,45.3469493,-75.8065581,,
bayshore,Bayshore,MANILA MART,,grocery,,2924 CARLING AVE,45.3565119,-75.8012461,,
bayshore,Bayshore,SHOPPERS DRUG MART,,grocery,,3080 CARLING AVE,45.3548299,-75.8044881,,
bayshore,Bayshore,WALMART,,grocery,,100 BAYSHORE DR,45.3469493,-75.8065581,,
beacon-hill-south-cardinal-heights,Beacon Hill South - Cardinal Heights,CANADIAN TIRE,,grocery,,2010 OGILVIE RD,45.435066,-75.606445,,
beacon-hill-south-cardinal-heights,Beacon Hill South - Cardinal Heights,CANADIAN TIRE GAS,,grocery,,2006 OGILVIE RD,45.435946,-75.6057919,,
beacon-hill-south-cardinal-heights,Beacon Hill South - Cardinal Heights,COSTCO,,grocery,,1405 BLAIR TOWERS PL,45.4349421,-75.6034548,,
beacon-hill-south-cardinal-heights,Beacon Hill South - Cardinal Heights,ISTANBUL FOOD MART,,grocery,,2164 MONTR&#207;&#191;&#189;AL RD,45.448597,-75.5893834,,
beacon-hill-south-cardinal-heights,Beacon Hill South - Cardinal Heights,KOREMS FOODS &  VARIETY STORE,,grocery,,1724 MONTR&#207;&#191;&#189;AL RD,45.4457933,-75.6106935,,
beacon-hill-south-cardinal-heights,Beacon Hill South - Cardinal Heights,METRO,,grocery,,1930 MONTREAL RD,45.4454287,-75.5952339,,
beacon-hill-south-cardinal-heights,Beacon Hill South - Cardinal Heights,MY FOOD MART,,grocery,,1730 MONTREAL RD,45.4456921,-75.6101624,,
beacon-hill-south-cardinal-heights,Beacon Hill South - Cardinal Heights,PETRO CANADA - NEIGHBOURS COFFEE,,grocery,,2180 MONTREAL RD,45.4497116,-75.5885987,,
beacon-hill-south-cardinal-heights,Beacon Hill South - Cardinal Heights,SHOPPERS DRUG MART,,grocery,,2016 OGILVIE RD,45.4368389,-75.6040595,,
beaverbrook,Beaverbrook,CIRCLE K,,grocery,,1031 TERON RD,45.3305915,-75.900366,,
bells-corners-east,Bells Corners East,BELL'S CORNER MINI MART,,grocery,,2072 ROBERTSON RD,45.322444,-75.8313318,,
bells-corners-east,Bells Corners East,ESSO,,grocery,,1856 ROBERTSON RD,45.3271357,-75.819751,,
bells-corners-east,Bells Corners East,GIANT TIGER,,grocery,,1861 ROBERTSON,45.3280723,-75.820536,,
bells-corners-east,Bells Corners East,KFRESH AFRO-CARIBBEAN SUPERMARKET AND TAKEOUT,,grocery,,2090 ROBERTSON RD,45.3219535,-75.8324033,,
bells-corners-east,Bells Corners East,LOBLAWS,,grocery,,2065 ROBERTSON RD,45.3242684,-75.8330906,,
bells-corners-east,Bells Corners East,METRO,,grocery,,1811 ROBERTSON RD,45.3302476,-75.8171021,,
bells-corners-east,Bells Corners East,PETRO CANADA,,grocery,,1881 ROBERTSON ROAD,45.3272944,-75.8215401,,
bells-corners-east,Bells Corners East,SHOPPERS DRUG MART,,grocery,,1821 ROBERTSON ROAD,45.329103,-75.8192172,,
bells-corners-west,Bells Corners West,CANADIAN TIRE,,grocery,,2135 ROBERTSON ROAD,45.3224828,-75.8359127,,
bells-corners-west,Bells Corners West,CANADIAN TIRE GAS,,grocery,,2135 ROBERTSON ROAD,45.3224828,-75.8359127,,
bells-corners-west,Bells Corners West,CIRCLE K,,grocery,,418 MOODIE DR,45.3208341,-75.8331709,,
bells-corners-west,Bells Corners West,DOLLARAMA,,grocery,,2150 ROBERTSON RD,45.3199752,-75.8374097,,
bells-corners-west,Bells Corners West,FRESHCO,,grocery,,2150 ROBERTSON RD,45.3197692,-75.8364153,,
bells-corners-west,Bells Corners West,REXALL,,grocery,,2144 ROBERTSON RD,45.320743,-75.8358229,,
billings-bridge-heron-park,Billings Bridge - Heron Park,A & M CONFECTIONERY,,grocery,,1499 CLEMENTINE BOULEVARD,45.3827358,-75.6739472,,
billings-bridge-heron-park,Billings Bridge - Heron Park,AMEER GROCERIES AND MEAT SHOP,,grocery,,1800 BANK ST,45.3715892,-75.6643203,,
billings-bridge-heron-park,Billings Bridge - Heron Park,BAMBEENO'S TUCK SHOP,,grocery,,2201 RIVERSIDE DR,45.3884039,-75.6746972,,
billings-bridge-heron-park,Billings Bridge - Heron Park,BULK BARN,,grocery,,2269 RIVERSIDE DR,45.3857215,-75.6783285,,
billings-bridge-heron-park,Billings Bridge - Heron Park,CANADIAN TIRE,,grocery,,1170 HERON RD,45.3777662,-75.6681146,,
billings-bridge-heron-park,Billings Bridge - Heron Park,CIRCLE K,,grocery,,1600 BANK STREET,45.3777288,-75.6675807,,
billings-bridge-heron-park,Billings Bridge - Heron Park,FARM BOY,,grocery,,1500 BANK ST,45.3808332,-75.6694123,,
billings-bridge-heron-park,Billings Bridge - Heron Park,MANGOSTEEN,,grocery,,1742 BANK ST,45.3738715,-75.6656442,,
billings-bridge-heron-park,Billings Bridge - Heron Park,REXALL,,grocery,,2269 RIVERSIDE DRIVE,45.385712,-75.6782489,,
billings-bridge-heron-park,Billings Bridge - Heron Park,SHOPPERS DRUG MART,,grocery,,1582 BANK STREET,45.3792517,-75.6688792,,
billings-bridge-heron-park,Billings Bridge - Heron Park,WALMART,,grocery,,2277 RIVERSIDE DR,45.3855413,-75.6774625,,
billings-bridge-heron-park,Billings Bridge - Heron Park,YOUR INDEPENDENT GROCER - RILEY'S,,grocery,,2269 RIVERSIDE DR,45.3857215,-75.6783285,,
blackburn-hamlet,Blackburn Hamlet,DOLLARAMA,,grocery,,2640 INNES RD,45.4317884,-75.5629293,,
blackburn-hamlet,Blackburn Hamlet,PETRO CANADA,,grocery,,2630 INNES RD,45.4315201,-75.5640978,,
blackburn-hamlet,Blackburn Hamlet,SHOPPERS DRUG MART,,grocery,,2638 INNES RD,45.4311586,-75.5626076,,
blossom-park-timbermill,Blossom Park - Timbermill,CIRCLE K,,grocery,,2100 HUNT CLUB RD,45.3640885,-75.6201797,,
blossom-park-timbermill,Blossom Park - Timbermill,DOLLAR TREE,,grocery,,2950 BANK ST,45.3459818,-75.6267278,,
blossom-park-timbermill,Blossom Park - Timbermill,FARM BOY,,grocery,,2950 BANK ST,45.3459818,-75.6267278,,
blossom-park-timbermill,Blossom Park - Timbermill,OZZY FOOD MARKET,,grocery,,3867 ALBION RD,45.343278,-75.6365584,,
blossom-park-timbermill,Blossom Park - Timbermill,PETRO CANADA,,grocery,,2536 BANK ST,45.3537108,-75.6421796,,
borden-farm-fisher-glen,Borden Farm - Fisher Glen,GREEN FRESH SUPERMARKET,,grocery,,1695 MERIVALE RD,45.3468634,-75.7291442,,
borden-farm-fisher-glen,Borden Farm - Fisher Glen,NO FRILLS,,grocery,,200 GRANT CARMEN DR,45.351331,-75.7307124,,
borden-farm-fisher-glen,Borden Farm - Fisher Glen,YOUR INDEPENDENT GROCER,,grocery,,200 GRANT CARMAN DR,45.351331,-75.7307124,,
braemar-park-bel-air-heights-copeland-park,Braemar Park - Bel Air Heights - Copeland Park,CIRCLE K,,grocery,,1827 BASELINE RD,45.3547943,-75.7560522,,
bridlewood-emerald-meadows,Bridlewood - Emerald Meadows,CIRCLE K,,grocery,,62 STONEHAVEN DR,45.2923085,-75.8578066,,
bridlewood-emerald-meadows,Bridlewood - Emerald Meadows,CIRCLE K,,grocery,,907 EAGLESON RD,45.2704335,-75.8568898,,
bridlewood-emerald-meadows,Bridlewood - Emerald Meadows,QUICKIE CONVENIENCE STORES,,grocery,,800 STONEHAVEN DR,45.2811801,-75.8379991,,
bridlewood-emerald-meadows,Bridlewood - Emerald Meadows,SPICE WORLD SUPERMARKET,,grocery,,62 STONEHAVEN DR,45.2922842,-75.8577236,,
britannia,Britannia,DAMAS SUPERMARKET,,grocery,,3033 CARLING AVE,45.3550822,-75.8063329,,
britannia,Britannia,FARM BOY,,grocery,,1495 RICHMOND ROAD,45.362791,-75.7912934,,
britannia,Britannia,METRO,,grocery,,2525 CARLING AVE,45.364982,-75.7857631,,
britannia,Britannia,PETRO CANADA - NEIGHBOURS COFFEE,,grocery,,3095 CARLING AVE,45.3532242,-75.8095591,,
britannia,Britannia,QUICKIE CONVENIENCE STORES,,grocery,,1386 RICHMOND RD,45.3651059,-75.7877922,,
britannia,Britannia,QUICKIE CONVENIENCE STORES,,grocery,,361 POULIN AVE,45.3630049,-75.7917297,,
britannia,Britannia,QUICKIE CONVENIENCE STORES,,grocery,,2 GOLDRIDGE DR,45.3651412,-75.7878017,,
britannia,Britannia,REXALL PHARMA PLUS,,grocery,,2525 CARLING AVE,45.3650586,-75.7859973,,
britannia,Britannia,SHOPPERS DRUG MART,,grocery,,1460 RICHMOND RD,45.3629179,-75.7902315,,
britannia,Britannia,SOUTH ASIAN SUPERMARKET,,grocery,,3059 CARLING AVE,45.3544377,-75.8072934,,
britannia,Britannia,UNCLE ALI'S SUPERMARKET,,grocery,,3059 CARLING AVE,45.3543897,-75.8071823,,
brookside-briarbrook-morgan-s-grant,Brookside - Briarbrook - Morgan's Grant,METRO,,grocery,,4048 CARLING AVE,45.3368085,-75.9072201,,
brookside-briarbrook-morgan-s-grant,Brookside - Briarbrook - Morgan's Grant,REXALL,,grocery,,4048 CARLING AVE,45.3368085,-75.9072201,,
brookside-briarbrook-morgan-s-grant,Brookside - Briarbrook - Morgan's Grant,REXALL,,grocery,,832 MARCH RD,45.356811,-75.933407,,
brookside-briarbrook-morgan-s-grant,Brookside - Briarbrook - Morgan's Grant,SHOPPERS DRUG MART,,grocery,,1102 KLONDIKE RD,45.3547474,-75.9330106,,
brookside-briarbrook-morgan-s-grant,Brookside - Briarbrook - Morgan's Grant,SOBEYS,,grocery,,840 MARCH ROAD,45.3565983,-75.9344608,,
brookside-briarbrook-morgan-s-grant,Brookside - Briarbrook - Morgan's Grant,TIME SAVER,,grocery,,350 TERRY FOX DR,45.3518937,-75.9186706,,
cardinal-creek,Cardinal Creek,CIRCLE K,,grocery,,1985 TRIM RD,45.4711577,-75.4539463,,
cardinal-creek,Cardinal Creek,FRESHCO,,grocery,,920 WATTERS RD,45.48287,-75.47484,,
cardinal-creek,Cardinal Creek,SHOPPERS DRUG MART,,grocery,,1937 PORTOBELLO BOULEVARD,45.4680794,-75.4658681,,
carleton-heights-courtland-park,Carleton Heights - Courtland Park,HASTY MARKET,,grocery,,1896 PRINCE OF WALES DR,45.3537232,-75.704817,,
carleton-heights-courtland-park,Carleton Heights - Courtland Park,PETRO CANADA,,grocery,,1900 PRINCE OF WALES DR,45.3531179,-75.7046464,,
carleton-heights-courtland-park,Carleton Heights - Courtland Park,SHOPPERS DRUG MART,,grocery,,888 MEADOWLANDS DR E,45.3671249,-75.7025045,,
carleton-heights-courtland-park,Carleton Heights - Courtland Park,WISSAM FRUITS,,grocery,,888 MEADOWLANDS DR,45.3671249,-75.7025045,,
carlington,Carlington,CIRCLE K,,grocery,,1025 MERIVALE RD,45.3789535,-75.7329041,,
carlington,Carlington,DOLLAR'S VARIETY MART,,grocery,,1309 CARLING AVE,45.3867616,-75.7342061,,
carlington,Carlington,KARDISH BULK FOOD AND NUTRITION,,grocery,,1309 CARLING AVE,45.387597,-75.7342256,,
carlington,Carlington,KING'S CONFECTIONERY,,grocery,,1224 SHILLINGTON AVE,45.3806314,-75.7283501,,
carlington,Carlington,MAGIC EXPRESS SUPERMARKET,,grocery,,1014 MERIVALE,45.3794717,-75.7335876,,
carlington,Carlington,MF FOOD MART,,grocery,,848 MERIVALE RD,45.385366,-75.7326505,,
carlington,Carlington,QUICKIE CONVENIENCE STORES,,grocery,,1435 CALDWELL AVE,45.3728197,-75.7348924,,
carlington,Carlington,SHEGER ADDIS GROCERY,,grocery,,1234 MERIVALE OTTAWA,45.3705581,-75.7332869,,
carlington,Carlington,SHOPPERS DRUG MART,,grocery,,1309 CARLING AVE,45.3867692,-75.7355233,,
carlington,Carlington,SHOPPERS DRUG MART,,grocery,,2148 CARLING AVE,45.3799385,-75.7480546,,
carlington,Carlington,SILVER HAWK TUCK SHOP,,grocery,,1170 FISHER AVE,45.3768531,-75.7208795,,
carlington,Carlington,WALMART,,grocery,,1375 BASELINE RD,45.3638026,-75.7381945,,
carp,Carp,CARP FOODLINER,,grocery,,3744 CARP RD,45.3448807,-76.0359758,,
carson-grove-carson-meadows,Carson Grove - Carson Meadows,AFC ZENSHI @ LOBLAWS #1051,,grocery,,1980 OGILVIE RD,45.4316114,-75.6108173,,
carson-grove-carson-meadows,Carson Grove - Carson Meadows,BULK BARN,,grocery,,1980 OGILVIE RD,45.4325275,-75.6098258,,
carson-grove-carson-meadows,Carson Grove - Carson Meadows,CROSSWINDS GROCERY,,grocery,,641 BATHGATE DRIVE,45.4465282,-75.6241498,,
carson-grove-carson-meadows,Carson Grove - Carson Meadows,FRESH GROCER,,grocery,,876 MONTREAL RD,45.4458631,-75.6301992,,
carson-grove-carson-meadows,Carson Grove - Carson Meadows,LOBLAWS,,grocery,,1980 OGILVIE RD,45.4344907,-75.6107361,,
carson-grove-carson-meadows,Carson Grove - Carson Meadows,MADINA MEAT FOOD MARKET,,grocery,,1136 CADBORO RD,45.4310544,-75.6213466,,
carson-grove-carson-meadows,Carson Grove - Carson Meadows,REXALL,,grocery,,1980 OGILVIE RD,45.4325275,-75.6098258,,
carson-grove-carson-meadows,Carson Grove - Carson Meadows,STARBUCKS - LOBLAWS FOOD STORE,,grocery,,1980 OGILVIE RD,45.4325275,-75.6098258,,
carson-grove-carson-meadows,Carson Grove - Carson Meadows,WALMART,,grocery,,1980 OGILVIE RD,45.4325275,-75.6098258,,
carson-grove-carson-meadows,Carson Grove - Carson Meadows,WHOLE HEALTH-PHARMACY,,grocery,,1150  CADBORO RD,45.4307627,-75.6211603,,
centretown,Centretown,AH SO SUSHI (FARM BOY SUSHI BAR),,grocery,,193 METCALFE ST,45.4187946,-75.6929885,,
centretown,Centretown,ARYA FOOD MARKET,,grocery,,508 GLADSTONE AVE,45.4099345,-75.6982626,,
centretown,Centretown,BRONSON PLACE TUCK SHOP,,grocery,,440 GLOUCESTER ST,45.4144824,-75.7064979,,
centretown,Centretown,CIRCLE K,,grocery,,388 ELGIN ST,45.4144881,-75.6876387,,
centretown,Centretown,CIRCLE K,,grocery,,160 ELGIN STREET,45.4197494,-75.6928817,,
centretown,Centretown,CIRCLE K / ESSO,,grocery,,450 BANK ST,45.411772,-75.6937716,,
centretown,Centretown,DOLLARAMA,,grocery,,317 BANK ST,45.4145724,-75.6953482,,
centretown,Centretown,DOLLARAMA,,grocery,,255 ELGIN ST,45.4183701,-75.6906583,,
centretown,Centretown,FARM BOY,,grocery,,193 METCALFE ST,45.4187946,-75.6929885,,
centretown,Centretown,FOOD BASICS,,grocery,,338 QUEEN ST,45.41798,-75.70542,,
centretown,Centretown,KABOORA CONVENIENCE STORE,,grocery,,370 BANK ST,45.4136008,-75.6949735,,
centretown,Centretown,LAURIER CONVENIENCE,,grocery,,340 LAURIER AVE W,45.4180234,-75.6999319,,
centretown,Centretown,MAC'S SUSHI,,grocery,,160 ELGIN ST,45.4197494,-75.6928817,,
centretown,Centretown,MACEWEN PETROLEUM-QUICKIE CONVENIENT STORE,,grocery,,512 BANK ST,45.4098726,-75.69262,,
centretown,Centretown,QUICKIE CONVENIENCE STORES,,grocery,,348 ELGIN ST,45.4157122,-75.6886654,,
centretown,Centretown,QUICKIE CONVENIENCE STORES,,grocery,,435 ALBERT ST,45.4173397,-75.7067691,,
centretown,Centretown,QUICKIE CONVENIENCE STORES,,grocery,,332 BANK ST,45.4141534,-75.6955097,,
centretown,Centretown,REXALL,,grocery,,160 ELGIN STREET,45.4197494,-75.6928817,,
centretown,Centretown,REXALL DRUG STORE,,grocery,,407 LAURIER AVE W,45.4174285,-75.7025666,,
centretown,Centretown,REXALL PHARMA PLUS,,grocery,,240 SPARKS ST,45.420296,-75.7024018,,
centretown,Centretown,ROYAL VARIETY,,grocery,,260 BANK ST,45.4160833,-75.6971684,,
centretown,Centretown,SHOPPER'S DRUG MART,,grocery,,455 BANK ST,45.4119191,-75.6931575,,
centretown,Centretown,SHOPPERS DRUG MART,,grocery,,111 ALBERT ST,45.4216242,-75.6974725,,
centretown,Centretown,SHOPPERS DRUG MART,,grocery,,174 BANK ST,45.4182105,-75.6991715,,
centretown,Centretown,WELLINGTON FOOD MARKET,,grocery,,171 BANK ST,45.4186492,-75.6977959,,
centretown,Centretown,YOUR INDEPENDENT GROCER - MASSINE'S,,grocery,,296 BANK ST,45.4149887,-75.6963375,,
chapel-hill-north,Chapel Hill North,CIRCLE K,,grocery,,1600 FOREST VALLEY DR,45.4488944,-75.5359865,,
chapel-hill-north,Chapel Hill North,PETRO CANADA - NEIGHBOURS COFFEE,,grocery,,1988 ST. JOSEPH BOULEVARD,45.4641716,-75.5392912,,
chapel-hill-north,Chapel Hill North,PRONTO FOOD MARTS,,grocery,,3469 INNES RD,45.4470686,-75.5272507,,
chapel-hill-south,Chapel Hill South,DOLLAR TREE,,grocery,,3722 INNES RD,45.4496516,-75.5170968,,
chapel-hill-south,Chapel Hill South,DOLLARAMA,,grocery,,2020 MER BLUE RD,45.4527792,-75.5038706,,
chapel-hill-south,Chapel Hill South,FOOD BASICS,,grocery,,3712 INNES RD,45.4497538,-75.5172222,,
chapel-hill-south,Chapel Hill South,MISS GAS BAR,,grocery,,4042 INNES RD,45.4550482,-75.5050546,,
chapel-hill-south,Chapel Hill South,SHOPPERS DRUG MART,,grocery,,3940 INNES RD,45.4539941,-75.5088302,,
chapel-hill-south,Chapel Hill South,WALMART,,grocery,,3900 INNES RD,45.4527722,-75.507302,,
chapman-mills,Chapman Mills,METRO,,grocery,,3201 STRANDHERD DR,45.2745094,-75.7213031,,
chapman-mills,Chapman Mills,SHOPPERS DRUG MART,,grocery,,3151 STRANDHERD DR,45.2753291,-75.7200881,,
city-view,City view,DUTCH GROCERIES,,grocery,,1400 CLYDE AVE,45.3583259,-75.7389182,,
city-view,City view,GIANT TIGER,,grocery,,1512 MERIVALE RD,45.3567334,-75.7378655,,
city-view,City view,MARINA PHARMACY,,grocery,,1568 MERIVALE RD,45.3513546,-75.7344788,,
city-view,City view,OK MART/ RODEM NAMU/ CHOI'S FOODS,,grocery,,1508 MERIVALE RD,45.3567334,-75.7378655,,
city-view,City view,PETRO CANADA - SUPERSTOP,,grocery,,1431 WOODROFFE AVE,45.3426412,-75.7563932,,
city-view,City view,TAYBA MART,,grocery,,1558 MERIVALE RD,45.3528521,-75.7354311,,
civic-hospital,Civic Hospital,AISLE 24,,grocery,,105 CHAMPAGNE AVE S,45.3989201,-75.7114228,,
civic-hospital,Civic Hospital,DI RIENZOS GROCERY,,grocery,,111 BEECH ST,45.4000201,-75.7120537,,
colonnade-business-park,Colonnade Business Park,CIRCLE K,,grocery,,2162 PRINCE OF WALES DR,45.3340081,-75.7004715,,
colonnade-business-park,Colonnade Business Park,COSTCO,,grocery,,1849 MERIVALE RD,45.3377624,-75.7224261,,
colonnade-business-park,Colonnade Business Park,DRUMMOND'S GAS,,grocery,,1925 MERIVALE RD,45.3296023,-75.720473,,
constance-bay,Constance Bay,CONSTANCE BAY GENERAL STORE,,grocery,,115 CONSTANCE BAY RD,45.486479,-76.0736062,,
constance-bay,Constance Bay,THE LIGHTHOUSE RESTAURANT AND GROCERY,,grocery,,655 BAYVIEW DR,45.5092334,-76.0947644,,
convent-glen-orleans-woods,Convent Glen - Orléans Woods,DOLLARAMA,,grocery,,6505 JEANNE D&#39;ARC BOULEVARD,45.4799355,-75.5369293,,
convent-glen-orleans-woods,Convent Glen - Orléans Woods,PHARMACIE JEAN-COUTU,,grocery,,2701 ST. JOSEPH BOULEVARD,45.4724086,-75.5236039,,
convent-glen-orleans-woods,Convent Glen - Orléans Woods,SHOPPERS DRUG MART,,grocery,,6473 JEANNE D&#39;ARC BOULEVARD,45.47999,-75.536203,,
craig-henry-manordale,Craig Henry - Manordale,CIRCLE K,,grocery,,299 GREENBANK RD,45.3237882,-75.7773955,,
craig-henry-manordale,Craig Henry - Manordale,QUICKIE CONVENIENCE STORES,,grocery,,1 CHARTWELL AVE,45.3323407,-75.7701227,,
craig-henry-manordale,Craig Henry - Manordale,SHOPPERS DRUG MART,,grocery,,181 GREENBANK ROAD,45.3282357,-75.7795568,,
crestview-tanglewood,Crestview - Tanglewood,CIRCLE K/ TIM HORTANS,,grocery,,1545 WOODROFFE AVE,45.3344996,-75.7517885,,
crestview-tanglewood,Crestview - Tanglewood,DESI PRICE CLUB,,grocery,,1950 MERIVALE RD,45.3470219,-75.7312908,,
crestview-tanglewood,Crestview - Tanglewood,DOLLAR TREE,,grocery,,525 W HUNT CLUB RD,45.3348658,-75.7263278,,
crestview-tanglewood,Crestview - Tanglewood,ESSO,,grocery,,1584 MERIVALE RD,45.3501849,-75.7336196,,
crestview-tanglewood,Crestview - Tanglewood,ESSO - ON THE RUN,,grocery,,1545 WOODROFFE AVE,45.3345435,-75.7517142,,
crestview-tanglewood,Crestview - Tanglewood,FARM BOY,,grocery,,1642 MERIVALE RD,45.3455841,-75.732034,,
crestview-tanglewood,Crestview - Tanglewood,PROXI NEPEAN GAS STATION,,grocery,,1660 MERIVALE RD,45.3433874,-75.7296232,,
crestview-tanglewood,Crestview - Tanglewood,SHOPPERS DRUG MART,,grocery,,1642 MERIVALE RD,45.3455841,-75.732034,,
crystal-bay-lakeview-park,Crystal Bay - Lakeview Park,MACEWEN PETROLEUM,,grocery,,3420 CARLING AVE,45.352054,-75.8356299,,
cumberland,Cumberland,ROLLING HILLS CONVENIENCE,,grocery,,1566 CANAAN RD,45.519726,-75.33304,,
dunrobin,Dunrobin,MACEWEN PETROLEUM,,grocery,,1794 DUNROBIN RD,45.3831274,-75.9694675,,
dunrobin,Dunrobin,NICHOLL'S ESSO CONVENIENCE,,grocery,,3798 DUNROBIN RD,45.462905,-76.073875,,
edwards-carlsbad-springs,Edwards - Carlsbad Springs,CARLSBAD VARIETY STORE,,grocery,,6500 RUSSELL RD,45.3689882,-75.4556709,,
edwards-carlsbad-springs,Edwards - Carlsbad Springs,PETRO CANADA,,grocery,,5329 BOUNDARY RD,45.3443303,-75.4369499,,
edwards-carlsbad-springs,Edwards - Carlsbad Springs,PETRO CANADA,,grocery,,5336 BOUNDARY RD,45.3449535,-75.4436251,,
edwards-carlsbad-springs,Edwards - Carlsbad Springs,RENE'S CORNER,,grocery,,4490 ANDERSON RD,45.3423997,-75.5249528,,
edwards-carlsbad-springs,Edwards - Carlsbad Springs,WOLF'S GENERAL MERCANTILE,,grocery,,8651 MITCH OWENS RD,45.3161613,-75.4837354,,
elmvale-canterbury,Elmvale - Canterbury,AINEE'S CONVENIENCE STORE,,grocery,,1016 PLEASANT PARK RD,45.3952009,-75.6223817,,
elmvale-canterbury,Elmvale - Canterbury,CIRCLE K,,grocery,,2213 ARCH STREET,45.3895238,-75.6304321,,
elmvale-canterbury,Elmvale - Canterbury,DOLLARAMA,,grocery,,1910 ST LAURENT BLVD,45.3994126,-75.6238443,,
elmvale-canterbury,Elmvale - Canterbury,LAURA'S YOUR INDEPENDANT GROCER,,grocery,,1910 ST. LAURENT BOULEVARD,45.3994126,-75.6238443,,
elmvale-canterbury,Elmvale - Canterbury,LOBLAWS,,grocery,,1980 BASELINE RD,45.3981214,-75.6240935,,
elmvale-canterbury,Elmvale - Canterbury,METRO,,grocery,,1705 MERIVALE RD,45.389498,-75.619287,,
elmvale-canterbury,Elmvale - Canterbury,QUICKIE CONVENIENCE STORES,,grocery,,1034 PLEASANT PARK RD,45.395459,-75.621428,,
elmvale-canterbury,Elmvale - Canterbury,REXALL DRUGSTORE,,grocery,,1910 ST. LAURENT BOULEVARD,45.3994126,-75.6238443,,
emerald-woods-sawmill-creek,Emerald Woods - Sawmill Creek,CIRCLE K,,grocery,,4000 BRIDLE PATH DR,45.3484031,-75.6455743,,
emerald-woods-sawmill-creek,Emerald Woods - Sawmill Creek,DOLLARAMA,,grocery,,2515 BANK ST,45.3546528,-75.6449325,,
emerald-woods-sawmill-creek,Emerald Woods - Sawmill Creek,SHOPPERS DRUG MART,,grocery,,2515 BANK ST,45.3542812,-75.6459712,,
emerald-woods-sawmill-creek,Emerald Woods - Sawmill Creek,SULTAN SUPERMARKET AND MEAT SHOP,,grocery,,2446 BANK ST,45.3528026,-75.6464531,,
emerald-woods-sawmill-creek,Emerald Woods - Sawmill Creek,WALMART,,grocery,,2210 BANK STREET,45.3535021,-75.6434522,,
fallingbrook,Fallingbrook,CANADIAN TIRE GAS,,grocery,,1775 TENTH LINE RD,45.4808144,-75.4991239,,
fallingbrook,Fallingbrook,CIRCLE K,,grocery,,3869 INNES RD,45.4660703,-75.4706941,,
fallingbrook,Fallingbrook,DOLLARAMA,,grocery,,1777 TENTH LINE RD,45.4665388,-75.4894896,,
fallingbrook,Fallingbrook,GIANT TIGER,,grocery,,915 WATTERS RD,45.4837169,-75.4755716,,
fallingbrook,Fallingbrook,PETRO CANADA,,grocery,,1685 TENTH LINE RD,45.4679155,-75.4918465,,
fallingbrook,Fallingbrook,QUICKIE CONVENIENCE STORES,,grocery,,915 WATTERS RD,45.4837169,-75.4755716,,
fallingbrook,Fallingbrook,SHOPPERS DRUG MART,,grocery,,1675 TENTH LINE RD,45.4808144,-75.4991239,,
findlay-creek,Findlay Creek,BARADA MART,,grocery,,105 SHUTTLEWORTH DRIVE,45.318848,-75.591896,,
findlay-creek,Findlay Creek,DOLLARAMA,,grocery,,4750 BANK ST,45.3189534,-75.5956363,,
findlay-creek,Findlay Creek,FRESHCO,,grocery,,4750 BANK ST,45.3197999,-75.5933903,,
findlay-creek,Findlay Creek,SHOPPERS DRUG MART,,grocery,,4744 BANK ST,45.3198815,-75.5941342,,
findlay-creek,Findlay Creek,STINSON CONVENIENCE STORE,,grocery,,4727 BANK ST,45.3248668,-75.5958187,,
fisher-heights,Fisher Heights,BULK BARN,,grocery,,1465 MERIVALE RD,45.3610055,-75.7346901,,
fisher-heights,Fisher Heights,DOLLAR TREE,,grocery,,1460 MERIVALE RD,45.3619299,-75.7353516,,
fisher-heights,Fisher Heights,FOOD BASICS,,grocery,,1465 MERIVALE RD,45.3608084,-75.7336794,,
fisher-heights,Fisher Heights,FRESHCO,,grocery,,1595 MERIVALE RD,45.3537401,-75.7331884,,
fisher-heights,Fisher Heights,LOBLAWS,,grocery,,1460 MERIVALE RD,45.3619299,-75.7353518,,
fisher-heights,Fisher Heights,M&J TROPICAL SUPERMARKET,,grocery,,1383 CLYDE AVE,45.3597207,-75.738109,,
fisher-heights,Fisher Heights,PETRO CANADA,,grocery,,1432 BASELINE RD,45.361241,-75.739025,,
fisher-heights,Fisher Heights,THE INDIAN SUPERMARKET,,grocery,,6-1547 MERIVALE RD,45.3548161,-75.7337381,,
fitzroy,Fitzroy,FITZROY PROVINCIAL PARK FOOD SHOP,,grocery,,5201 CANON SMITH DR,45.483054,-76.2184575,,
glebe-dows-lake,Glebe - Dows Lake,ABBAS GROCERY,,grocery,,344 BELL ST S,45.4020648,-75.7032878,,
glebe-dows-lake,Glebe - Dows Lake,ERLING'S VARIETY,,grocery,,225 STRATHCONA AVE,45.407634,-75.690508,,
glebe-dows-lake,Glebe - Dows Lake,I HEART NUTS,,grocery,,1000 EXHIBITION WAY,45.4000351,-75.6828265,,
glebe-dows-lake,Glebe - Dows Lake,IL NEGOZIO NICASTRO,,grocery,,792 BANK ST,45.402908,-75.6884398,,
glebe-dows-lake,Glebe - Dows Lake,LOBLAWS,,grocery,,64 ISABELLA ST,45.4109012,-75.6862105,,
glebe-dows-lake,Glebe - Dows Lake,METRO,,grocery,,774 BANK ST,45.4033142,-75.6887818,,
glebe-dows-lake,Glebe - Dows Lake,O'CONNOR CONFECTIONERY,,grocery,,41 THIRD AVE,45.4046064,-75.6847735,,
glebe-dows-lake,Glebe - Dows Lake,QUICKIE CONVENIENCE STORES,,grocery,,655 BRONSON AVE,45.403433,-75.7008456,,
glebe-dows-lake,Glebe - Dows Lake,SEOUL MART,,grocery,,22 PRETORIA AVE,45.41029,-75.6853312,,
glebe-dows-lake,Glebe - Dows Lake,SEOUL MART - SPECIAL EVENT VENDOR,,grocery,,450 QUEEN ELIZABETH DRIVEWAY,45.3993722,-75.682328,,
glebe-dows-lake,Glebe - Dows Lake,SHOPPERS DRUG MART,,grocery,,700 BANK ST,45.4048513,-75.689749,,
glebe-dows-lake,Glebe - Dows Lake,SISTERS MART,,grocery,,793 BANK ST,45.4029428,-75.6880306,,
glebe-dows-lake,Glebe - Dows Lake,WHOLE FOODS MARKET,,grocery,,951 BANK ST,45.3993485,-75.6854996,,
glen-cairn,Glen Cairn,AFRICAN FOOD MARKET,,grocery,,462 HAZELDEAN RD,45.2981401,-75.8872192,,
glen-cairn,Glen Cairn,CIRCLE K,,grocery,,100 CASTLEFRANK RD,45.293711,-75.8818123,,
glen-cairn,Glen Cairn,FARM BOY KANATA,,grocery,,700 TERRY FOX DR,45.2923904,-75.8959103,,
glen-cairn,Glen Cairn,MAC'S,,grocery,,500 HAZELDEAN RD,45.2933502,-75.8937131,,
glen-cairn,Glen Cairn,PETRO CANADA,,grocery,,7 CARBROOKE ST,45.3023544,-75.8791186,,
glen-cairn,Glen Cairn,PETRO CANADA,,grocery,,500 EAGLESON RD,45.2905187,-75.8701199,,
glen-cairn,Glen Cairn,REAL CANADIAN SUPERSTORE,,grocery,,760 EAGLESON RD,45.2827733,-75.8665635,,
glen-cairn,Glen Cairn,REXALL DRUGSTORE,,grocery,,300 EAGLESON RD,45.3023709,-75.8777644,,
glen-cairn,Glen Cairn,SHOPPERS DRUG MART,,grocery,,680 EAGLESON ROAD,45.2873726,-75.8684677,,
glen-cairn,Glen Cairn,SHOPPERS DRUG MART,,grocery,,420 HAZELDEAN RD,45.3014469,-75.8805222,,
glen-cairn,Glen Cairn,SOBEYS,,grocery,,700 TERRY FOX DR,45.292704,-75.895607,,
glen-cairn,Glen Cairn,T&T SUPERMARKET,,grocery,,300 EAGLESON RD,45.3023709,-75.8777644,,
glen-cairn,Glen Cairn,THE INDIAN SUPERMARKET KANATA,,grocery,,474 HAZELDEAN RD,45.2974021,-75.8878894,,
greely,Greely,DOLLARAMA,,grocery,,6045 BANK ST,45.2643375,-75.5558681,,
greely,Greely,GREELY CONVENIENCE STORE,,grocery,,1341 MEADOW,45.2654981,-75.5618728,,
greenboro-east,Greenboro East,QUICKIE CONVENIENCE STORES,,grocery,,1661 HUNT CLUB RD,45.3603489,-75.6314642,,
greenboro-west,Greenboro West,SUPER CONVENIENCE MART,,grocery,,25 TAPIOLA CRESCENT,45.3639971,-75.6466353,,
hintonburg-mechanicsville,Hintonburg - Mechanicsville,ALJAZEERA FOOD MART,,grocery,,1101 WELLINGTON ST W,45.4028466,-75.7257886,,
hintonburg-mechanicsville,Hintonburg - Mechanicsville,CIRCLE K,,grocery,,1023 WELLINGTON ST W,45.4047842,-75.723925,,
hintonburg-mechanicsville,Hintonburg - Mechanicsville,DOLLARAMA,,grocery,,1050 SOMERSET ST W,45.4065044,-75.7195173,,
hintonburg-mechanicsville,Hintonburg - Mechanicsville,GIANT TIGER,,grocery,,1085 WELLINGTON ST W,45.4032386,-75.7255285,,
hintonburg-mechanicsville,Hintonburg - Mechanicsville,LITTLE MAC'S,,grocery,,991 WELLINGTON ST W,45.4055399,-75.7234739,,
hintonburg-mechanicsville,Hintonburg - Mechanicsville,MARCHE HINTONBURG MARKET SUPERMARKET,,grocery,,1059 WELLINGTON ST,45.4039768,-75.724614,,
hintonburg-mechanicsville,Hintonburg - Mechanicsville,PETRO CANADA,,grocery,,390 PARKDALE AVE,45.4009345,-75.7295664,,
hintonburg-mechanicsville,Hintonburg - Mechanicsville,QUICKIE CONVENIENCE STORES,,grocery,,255 PARKDALE AVE,45.404904,-75.731171,,
hintonburg-mechanicsville,Hintonburg - Mechanicsville,RED ROCK CONVENIENCE & CAFE,,grocery,,86 FORWARD AVE,45.4093771,-75.7332938,,
hintonburg-mechanicsville,Hintonburg - Mechanicsville,REDROCK CONVENIENCE & CAFE,,grocery,,86 FORWARD AVE,45.4093771,-75.7332938,,
hintonburg-mechanicsville,Hintonburg - Mechanicsville,REXALL DRUGSTORE,,grocery,,1190 WELLINGTON ST W,45.4004467,-75.7294935,,
hintonburg-mechanicsville,Hintonburg - Mechanicsville,REXALL DRUGSTORE,,grocery,,1620 SCOTT ST,45.4035435,-75.7330852,,
hintonburg-mechanicsville,Hintonburg - Mechanicsville,SILVER CITY FOOD MARKET,,grocery,,86 FORWARD AVE,45.4093943,-75.7332684,,
hunt-club-park,Hunt Club Park,EASY DAY CONVENIENCE,,grocery,,3500 HAWTHORNE RD,45.3740618,-75.5973799,,
hunt-club-park,Hunt Club Park,PETRO CANADA,,grocery,,3201 CONROY ROAD,45.3738805,-75.6239854,,
hunt-club-park,Hunt Club Park,QUICKIE CONVENIENCE STORES,,grocery,,4 LORRY GREENBERG DRIVE,45.3691281,-75.6209221,,
industrial-east,Industrial East,FARM BOY,,grocery,,2370 WALKLEY RD,45.3901177,-75.6143602,,
industrial-east,Industrial East,GIANT TIGER,,grocery,,2480 WALKLEY RD,45.3910584,-75.610644,,
industrial-east,Industrial East,GIANT TIGER,,grocery,,2950 BANK ST,45.3910584,-75.610644,,
industrial-east,Industrial East,GOLDEN HAIR & AFRO-CARIBBEAN GROCERIES,,grocery,,1737 ST. LAURENT BLVD,45.4054404,-75.6260717,,
industrial-east,Industrial East,ORLEANS FRESH FRUIT,,grocery,,3150 HAWTHORNE RD,45.385374,-75.6043151,,
iris,Iris,BIG JOE'S CONVENIENCE/ MILANOS,,grocery,,2529 BASELINE RD,45.3423588,-75.7854815,,
iris,Iris,ESSO - ON THE RUN,,grocery,,2545 BASELINE RD,45.3421276,-75.7863083,,
iris,Iris,IKEA CANADA LIMITED,,grocery,,2685 IRIS ST,45.3503254,-75.7849634,,
iris,Iris,IRIS FOOD MART,,grocery,,1121 COBDEN RD,45.352581,-75.777841,,
iris,Iris,PETRO CANADA,,grocery,,2577 BASELINE ROAD,45.3414286,-75.7878838,,
island-park-wellington-village,Island Park - Wellington Village,ESSO,,grocery,,479 MARCH RD,45.397267,-75.741709,,
island-park-wellington-village,Island Park - Wellington Village,METRO,,grocery,,345 CARLETON AVE,45.3983659,-75.7404881,,
kanata-lakes,Kanata Lakes,CANADIAN TIRE,,grocery,,8181 CAMPEAU DR,45.3068951,-75.9185459,,
kanata-lakes,Kanata Lakes,CANADIAN TIRE,,grocery,,500 TERRY FOX DR,45.3086924,-75.9168155,,
kanata-lakes,Kanata Lakes,CANADIAN TIRE GAS,,grocery,,1636 BANK ST,45.3068987,-75.918637,,
kanata-lakes,Kanata Lakes,ESSO,,grocery,,501 TERRY FOX DR,45.310111,-75.918391,,
kanata-lakes,Kanata Lakes,FARM BOY,,grocery,,499 TERRY FOX DR,45.3106652,-75.9196033,,
kanata-lakes,Kanata Lakes,FARM BOY,,grocery,,499 TERRY FOX DR,45.3106652,-75.9196033,,
kanata-lakes,Kanata Lakes,KOWLOON SUPERMARKET KANATA,,grocery,,5108 KANATA AVE.,45.3223982,-75.9258286,,
kanata-lakes,Kanata Lakes,LOBLAWS,,grocery,,200 EARL GREY DR,45.3099428,-75.9166182,,
kanata-lakes,Kanata Lakes,MORNING OWL COFFEEHOUSE + VARIETY,,grocery,,1047 CANADIAN SHIELD AVE,45.3149068,-75.9015307,,
kanata-lakes,Kanata Lakes,SWEET ESCAPE CANDY EMPORIUM,,grocery,,8555 CAMPEAU DR,45.2979007,-75.9375927,,
katimavik-hazeldean,Katimavik - Hazeldean,BULK BARN,,grocery,,457 HAZELDEAN RD,45.2994233,-75.8863655,,
katimavik-hazeldean,Katimavik - Hazeldean,CIRCLE K,,grocery,,13 KAKULU ROAD,45.3095761,-75.8812653,,
katimavik-hazeldean,Katimavik - Hazeldean,COSTCO,,grocery,,770 SILVER SEVEN RD,45.3027368,-75.9130881,,
katimavik-hazeldean,Katimavik - Hazeldean,COSTCO,,grocery,,770 SILVER SEVEN RD,45.3027368,-75.9130881,,
katimavik-hazeldean,Katimavik - Hazeldean,COSTCO,,grocery,,770 SILVER SEVEN RD,45.3026258,-75.9131164,,
katimavik-hazeldean,Katimavik - Hazeldean,COSTCO,,grocery,,770 SILVER SEVEN RD,45.3027368,-75.9130881,,
katimavik-hazeldean,Katimavik - Hazeldean,ESSO,,grocery,,44 EDGEWATER ST,45.2975217,-75.9010391,,
katimavik-hazeldean,Katimavik - Hazeldean,ESSO - CIRCLE K,,grocery,,401 HAZELDEAN RD,45.3039465,-75.8773426,,
katimavik-hazeldean,Katimavik - Hazeldean,FARM BOY,,grocery,,457 HAZELDEAN RD,45.2994233,-75.8863655,,
katimavik-hazeldean,Katimavik - Hazeldean,FARM BOY,,grocery,,457 HAZELDEAN RD,45.2994233,-75.8863655,,
katimavik-hazeldean,Katimavik - Hazeldean,FOOD BASICS,,grocery,,150 KATIMAVIK RD,45.3124188,-75.8958402,,
katimavik-hazeldean,Katimavik - Hazeldean,ISTANBUL FOOD MART,,grocery,,200 KATIMAVIK RD,45.3047505,-75.9059218,,
katimavik-hazeldean,Katimavik - Hazeldean,KANATA PHARMASAVE,,grocery,,99 KAKULU RD,45.3042405,-75.8947172,,
katimavik-hazeldean,Katimavik - Hazeldean,PETRO CANADA,,grocery,,570 TERRY FOX DR,45.3022485,-75.907912,,
katimavik-hazeldean,Katimavik - Hazeldean,PETRO CANADA,,grocery,,120 EAGLESON RD,45.3099818,-75.8807491,,
katimavik-hazeldean,Katimavik - Hazeldean,ULTRAMAR ON THE RUN,,grocery,,480 HAZELDEAN ROAD,45.2965292,-75.8908625,,
laurentian,Laurentian,CIRCLE K,,grocery,,1859 CARLING AVE,45.3763141,-75.7573125,,
laurentian,Laurentian,DOLLARAMA,,grocery,,2121 CARLING AVE,45.3730814,-75.7682887,,
laurentian,Laurentian,ESSO - ON THE RUN - TIM HORTON'S,,grocery,,1859 CARLING AVE,45.376346,-75.757319,,
laurentian,Laurentian,LOBLAWS,,grocery,,2085 CARLING AVE,45.3723082,-75.7675725,,
laurentian,Laurentian,PRODUCE DEPOT,,grocery,,1855 CARLING AVE,45.376684,-75.7569011,,
laurentian,Laurentian,PRODUCE DEPOT,,grocery,,1855 CARLING AVE,45.376684,-75.7569011,,
laurentian,Laurentian,REXALL DRUGSTORE,,grocery,,2121 CARLING AVE,45.3730814,-75.7682887,,
laurentian,Laurentian,SHOPPERS DRUG MART,,grocery,,410 RICHMOND RD,45.3904343,-75.7569586,,
ledbury-heron-gate-ridgemont,Ledbury - Heron Gate - Ridgemont,ALTA JUBA SUPERMARKET,,grocery,,2925 ALBION RD N,45.3718651,-75.652455,,
ledbury-heron-gate-ridgemont,Ledbury - Heron Gate - Ridgemont,CIRCLE K,,grocery,,1420 WALKLEY RD,45.3734589,-75.6535775,,
ledbury-heron-gate-ridgemont,Ledbury - Heron Gate - Ridgemont,CONNOR AND KENNEDY'S NO FRILLS,,grocery,,2681 ALTA VISTA DR,45.3722066,-75.6633286,,
ledbury-heron-gate-ridgemont,Ledbury - Heron Gate - Ridgemont,DOLLARAMA,,grocery,,1670 HERON RD,45.3792083,-75.644858,,
ledbury-heron-gate-ridgemont,Ledbury - Heron Gate - Ridgemont,DOLLARAMA,,grocery,,2679 ALTA VISTA DR,45.372543,-75.6631,,
ledbury-heron-gate-ridgemont,Ledbury - Heron Gate - Ridgemont,ESSO/CIRCLE K,,grocery,,1970 WALKLEY RD,45.3834035,-75.6310185,,
ledbury-heron-gate-ridgemont,Ledbury - Heron Gate - Ridgemont,FOOD BASICS,,grocery,,1670 HERON RD,45.379325,-75.6431865,,
ledbury-heron-gate-ridgemont,Ledbury - Heron Gate - Ridgemont,GEELAND INTERNATIONAL GROCERY,,grocery,,1620 WALKLEY RD,45.3773624,-75.6450154,,
ledbury-heron-gate-ridgemont,Ledbury - Heron Gate - Ridgemont,PETRO CANADA,,grocery,,1847 BANK ST,45.3701277,-75.662761,,
ledbury-heron-gate-ridgemont,Ledbury - Heron Gate - Ridgemont,QUICKIE CONVENIENCE STORES,,grocery,,1780 HERON RD,45.3802893,-75.6395713,,
ledbury-heron-gate-ridgemont,Ledbury - Heron Gate - Ridgemont,QUICKIE CONVENIENCE STORES,,grocery,,119 MANN AVE,45.3799867,-75.6319298,,
ledbury-heron-gate-ridgemont,Ledbury - Heron Gate - Ridgemont,REXALL,,grocery,,C-1725 WALKLEY OTTAWA,45.3778586,-75.6459656,,
ledbury-heron-gate-ridgemont,Ledbury - Heron Gate - Ridgemont,SHAS PHARMACY,,grocery,,1428 WALKLEY RD,45.3735144,-75.6534727,,
ledbury-heron-gate-ridgemont,Ledbury - Heron Gate - Ridgemont,SHOPPERS DRUG MART,,grocery,,1180 WALKLEY RD,45.3700739,-75.6639372,,
ledbury-heron-gate-ridgemont,Ledbury - Heron Gate - Ridgemont,YOUR INDEPENDENT GROCER - WILSON'S,,grocery,,2681 ALTA VISTA DR,45.3722133,-75.6630484,,
leslie-park-bruce-farm,Leslie Park - Bruce Farm,DOLLARAMA,,grocery,,2946 BASELINE RD,45.3350419,-75.7994166,,
lowertown-east,Lowertown East,CIRCLE K,,grocery,,333 RIDEAU STREET,45.429691,-75.6843595,,
lowertown-east,Lowertown East,DOLLARAMA,,grocery,,305 RIDEAU STREET,45.429285,-75.6855888,,
lowertown-east,Lowertown East,LOBLAWS,,grocery,,363 RIDEAU STREET,45.430173,-75.683903,,
lowertown-west,Lowertown West,BYWARD FRUIT MARKET,,grocery,,36 BY WARD MARKET SQUARE,45.4276028,-75.692953,,
lowertown-west,Lowertown West,DONNA'S FRIENDLY STORE,,grocery,,157 CATHCART ST,45.4336358,-75.695023,,
lowertown-west,Lowertown West,GIANT TIGER,,grocery,,98 GEORGE ST,45.427402,-75.6905046,,
lowertown-west,Lowertown West,LA LATINA GROCERIES,,grocery,,217 DALHOUSIE ST,45.431669,-75.6933437,,
lowertown-west,Lowertown West,METRO,,grocery,,255 RIDEAU STREET,45.4284,-75.68705,,
lowertown-west,Lowertown West,MICHEL'S DEPANNEUR,,grocery,,262 DALHOUSIE ST,45.4304773,-75.6926245,,
lowertown-west,Lowertown West,UNIVERSAL GROCERY,,grocery,,140 GEORGE ST,45.4279465,-75.6892452,,
lowertown-west,Lowertown West,XMARKET RIDEAU,,grocery,,73 RIDEAU ST,45.4262152,-75.6926662,,
manor-park,Manor Park,BRITTANY VARIETY STORE,,grocery,,230 BRITTANY DRIVE,45.44566,-75.6479358,,
manor-park,Manor Park,CIRCLE K,,grocery,,437 ST. LAURENT BOULEVARD,45.4473684,-75.6498646,,
manor-park,Manor Park,CIRCLE K,,grocery,,598 MONTREAL ROAD,45.442849,-75.64196,,
manor-park,Manor Park,FARM BOY,,grocery,,585 MONTREAL RD,45.4426485,-75.6444576,,
manor-park,Manor Park,FARM BOY-SUPERMARKET,,grocery,,585 MONTREAL RD,45.4426485,-75.6444576,,
manor-park,Manor Park,SHOPPERS DRUG MART,,grocery,,541 MONTREAL ROAD,45.4416498,-75.6461203,,
manotick,Manotick,BAKKER'S GENERAL STORE,,grocery,,1004 MANOTICK STATION RD,45.255696,-75.624512,,
manotick,Manotick,DISCOUNT TOBACCO & GROCERY,,grocery,,5646 MANOTICK MAIN ST,45.2201635,-75.6768404,,
manotick,Manotick,DRUMMOND GAS-MANOTICK,,grocery,,5220 MITCH OWENS RD,45.2339116,-75.6759527,,
manotick,Manotick,GIANT TIGER,,grocery,,1168 MAPLE ST,45.2248015,-75.68698,,
manotick,Manotick,REXALL PHARMACY,,grocery,,1160 BEAVERWOOD RD,45.223509,-75.6846823,,
manotick,Manotick,YOUR INDEPENDENT GROCER - MCDONOUGH'S,,grocery,,1160 1160 BEAVERWOOD RD,45.2229879,-75.6823237,,
manotick,Manotick,YOUR INDEPENDENT GROCER - ROBINSON'S,,grocery,,1160 BEAVERWOOD RD,45.223509,-75.6846823,,
metcalfe,Metcalfe,METCALFE VARIETY STORE,,grocery,,8196 VICTORIA ST,45.2349347,-75.4743956,,
richmond,Richmond,CIRCLE K CONVENIENCE STORE,,grocery,,6138 PERTH ST,45.1938724,-75.8389807,,
richmond,Richmond,DRUMMONDS FUELS(OTTAWA) LTD.,,grocery,,5789 PERTH ST,45.2046248,-75.8225595,,
richmond,Richmond,KING'S YOUR INDEPENDANT GROCER,,grocery,,5911 PERTH ST,45.2032116,-75.8290665,,
richmond,Richmond,MACEWEN PETROLEUM,,grocery,,5925 PERTH ST,45.2007119,-75.8294839,,
richmond,Richmond,MACEWEN PETROLEUM,,grocery,,4564 FALLOWFIELD RD,45.2689656,-75.8018053,,
richmond,Richmond,PETRO CANADA,,grocery,,3320 FALLOWFIELD RD,45.2514062,-75.8481926,,
navan-sarsfield,Navan - Sarsfield,J.T.BRADLEY CONVENIENCE,,grocery,,1220 COLONIAL RD,45.4460975,-75.3271851,,
navan-sarsfield,Navan - Sarsfield,MIDORI  MARKET SARSFIELD,,grocery,,2950 COLONIAL RD,45.4423267,-75.343332,,
navan-sarsfield,Navan - Sarsfield,ORIGINAL NAVAN MARKET,,grocery,,1279 COLONIAL RD,45.42002,-75.42131,,
north-gower-kars,North Gower - Kars,MULLIGANS GROCERY,,grocery,,2321 ANDREW ST,45.132208,-75.71651,,
north-gower-kars,North Gower - Kars,ULTRAMAR - ON THE RUN,,grocery,,1622 ROGER STEVENS DR,45.1555329,-75.6582067,,
old-barrhaven-east,Old Barrhaven East,A2Z CORNER,,grocery,,605 LONGFIELDS DR,45.2856286,-75.7436732,,
old-barrhaven-east,Old Barrhaven East,CANADIAN TIRE GAS BAR,,grocery,,2501 GREENBANK RD,45.272268,-75.7457082,,
old-barrhaven-east,Old Barrhaven East,CIRCLE K,,grocery,,3580 STRANDHERD DR,45.2747392,-75.7384157,,
old-barrhaven-east,Old Barrhaven East,FARM BOY GREENBANK,,grocery,,1581 GREENBANK RD,45.2739725,-75.7470017,,
old-barrhaven-east,Old Barrhaven East,PETRO CANADA,,grocery,,3300 WOODROFFE AVE,45.2760019,-75.7195033,,
old-barrhaven-east,Old Barrhaven East,ST MOTHER TERESA (TUCK SHOP),,grocery,,440 LONGFIELDS DR,45.284036,-75.745116,,
old-barrhaven-east,Old Barrhaven East,TIA MART,,grocery,,3570 STRANDHERD DR,45.2751492,-75.7375557,,
old-barrhaven-west,Old Barrhaven West,ALADDIN GROCERY AND MEAT SHOP,,grocery,,3023 CEDARVIEW RD,45.2660293,-75.7713905,,
old-barrhaven-west,Old Barrhaven West,BANAUE SARI-SARI STORE,,grocery,,3023 CEDARVIEW RD,45.2662729,-75.7716559,,
old-barrhaven-west,Old Barrhaven West,COSTCO,,grocery,,4315 STRANDHERD DR,45.2688881,-75.7842675,,
old-barrhaven-west,Old Barrhaven West,FOOD BASICS,,grocery,,900 GREENBANK RD,45.2847252,-75.7564963,,
old-barrhaven-west,Old Barrhaven West,PETRO CANADA,,grocery,,3766 FALLOWFIELD RD,45.2875882,-75.7571643,,
old-barrhaven-west,Old Barrhaven West,QUICKIE CONVENIENCE STORES,,grocery,,2201 JOCKVALE RD,45.2758212,-75.7773042,,
old-barrhaven-west,Old Barrhaven West,REXALL,,grocery,,900 GREENBANK RD,45.2847252,-75.7564963,,
old-barrhaven-west,Old Barrhaven West,STRANDHERD GUARDIAN PHARMACY,,grocery,,4100 STRANDHERD DR,45.2603845,-75.7684158,,
old-hunt-club,Old Hunt Club,DOLLARAMA,,grocery,,565 HUNT CLUB RD,45.3386272,-75.6832979,,
old-hunt-club,Old Hunt Club,ESSO - TIGER EXPRESS,,grocery,,3705 RIVERSIDE DR,45.342702,-75.690557,,
old-hunt-club,Old Hunt Club,PETRO CANADA,,grocery,,690 HUNT CLUB RD,45.3429186,-75.6684964,,
old-hunt-club,Old Hunt Club,QUICKIE CONVENIENCE STORES,,grocery,,3332 MCCARTHY RD,45.3508654,-75.6702835,,
old-hunt-club,Old Hunt Club,SHOPPERS DRUG MART,,grocery,,3310 MCCARTHY RD,45.3509205,-75.6715479,,
old-hunt-club,Old Hunt Club,UPLAND HEIGHTS GROCERY,,grocery,,3360 PAUL ANKA DR,45.3496175,-75.6748601,,
old-ottawa-east,Old Ottawa East,180 FOOD MARKET,,grocery,,180 LEES AVE,45.4153548,-75.6708025,,
old-ottawa-east,Old Ottawa East,DIXIE DAIRY CONFECTIONERY,,grocery,,101 MAIN ST,45.4116429,-75.6790988,,
old-ottawa-east,Old Ottawa East,MEDINA FRIED CHICKEN / COSMO MART / RED FIRE,,grocery,,170 LEES AVE,45.415154,-75.67175,,
old-ottawa-east,Old Ottawa East,NU GROCERY MAIN INC.,,grocery,,143 MAIN ST,45.415071,-75.681468,,
old-ottawa-south,Old Ottawa South,OTTAWA SOUTH GROCERY,,grocery,,431 SUNNYSIDE AVE,45.3916938,-75.689862,,
old-ottawa-south,Old Ottawa South,PRIMA GROCERY - OTTAWA SOUTH GROCETERIA,,grocery,,431 SUNNYSIDE AVE,45.3916842,-75.6898567,,
old-ottawa-south,Old Ottawa South,QUICKIE CONVENIENCE STORES,,grocery,,1166 BANK STREET,45.3924983,-75.6824157,,
old-ottawa-south,Old Ottawa South,SHOPPERS DRUG MART,,grocery,,1080 BANK ST,45.3943503,-75.6838382,,
orleans-village-chateauneuf,Orléans Village - Chateauneuf,DESI-FOOD MARKET,,grocery,,2580 ST. JOSEPH BOULEVARD,45.4706222,-75.5251418,,
orleans-village-chateauneuf,Orléans Village - Chateauneuf,DOLLARAMA,,grocery,,1615 ORLEANS BOULEVARD,45.4596014,-75.5241362,,
orleans-village-chateauneuf,Orléans Village - Chateauneuf,GIANT TIGER,,grocery,,2396 ST. JOSEPH BOULEVARD,45.4688827,-75.5289403,,
orleans-village-chateauneuf,Orléans Village - Chateauneuf,REXALL-PHARMA PLUS,,grocery,,1615 ORLEANS BOULEVARD,45.4596014,-75.5241362,,
osgoode-vernon,Osgoode - Vernon,CIRCLE K - MAC'S CONVENIENCE STORES,,grocery,,5511 MANOTICK MAIN ST,45.1446513,-75.6098926,,
osgoode-vernon,Osgoode - Vernon,MACEWEN PETROLEUM,,grocery,,5026 BANK ST,45.1458368,-75.4434499,,
osgoode-vernon,Osgoode - Vernon,VERNON VARIETY,,grocery,,8717 BANK ST,45.1621223,-75.4624087,,
overbrook,Overbrook,ADONIS,,grocery,,1055 ST. LAURENT BLVD,45.427054,-75.6383701,,
overbrook,Overbrook,CANADIAN TIRE,,grocery,,330 COVENTRY RD,45.4200357,-75.650735,,
overbrook,Overbrook,DOLLAR TREE,,grocery,,1021 CYRVILLE RD,45.4257875,-75.6359037,,
overbrook,Overbrook,DOLLARAMA,,grocery,,1239 DONALD ST,45.4295001,-75.6398084,,
overbrook,Overbrook,DOLLARAMA,,grocery,,584 MONTREAL ROAD,45.4418962,-75.6434161,,
overbrook,Overbrook,DOLLARAMA,,grocery,,1200 ST. LAURENT BOULEVARD,45.4219466,-75.6387057,,
overbrook,Overbrook,DOLLARAMA,,grocery,,1980 OGILVIE RD,45.4244368,-75.636078,,
overbrook,Overbrook,EAST AFRICA FOOD MARKET,,grocery,,536 MONTR&#207;&#191;&#189;AL RD,45.4407379,-75.6455913,,
overbrook,Overbrook,FOOD BASICS,,grocery,,1021 CYRVILLE RD,45.4257875,-75.6359037,,
overbrook,Overbrook,GIANT TIGER,,grocery,,1021 ST LAURENT BLVD,45.4284564,-75.6379081,,
overbrook,Overbrook,GUARDIAN HILLSIDE PHARMACY,,grocery,,556 MONTREAL RD,45.4410855,-75.6449359,,
overbrook,Overbrook,MAC'S SUSHI,,grocery,,1200 ST LAURENT BLVD,45.4219466,-75.6387057,,
overbrook,Overbrook,NEW QUILL CONVENIENCE STORE,,grocery,,6 QUILL ST,45.4265898,-75.6578544,,
overbrook,Overbrook,PETRO CANADA,,grocery,,1018 CYRVILLE RD,45.4252844,-75.6374316,,
overbrook,Overbrook,PETRO CANADA - SUPERSTOP,,grocery,,1007 ST. LAURENT BOULEVARD,45.42836,-75.6391918,,
overbrook,Overbrook,QUICK STOP CONVENIENCE STORE,,grocery,,431 DONALD ST,45.4285013,-75.64915,,
overbrook,Overbrook,SAAB GAS,,grocery,,1057 CYRVILLE RD,45.4250943,-75.6355208,,
overbrook,Overbrook,SHOPPERS DRUG MART,,grocery,,1200 ST. LAURENT BOULEVARD,45.4250644,-75.6383532,,
overbrook,Overbrook,SILVER CITY FOOD MARKET,,grocery,,289 QUEEN MARY ST,45.4252801,-75.6530463,,
overbrook,Overbrook,XTR CONVENIENCE STORE,,grocery,,455 DONALD ST,45.4287089,-75.6480297,,
overbrook,Overbrook,YOUR INDEPENDENT GROCER,,grocery,,596 MONTREAL RD,45.4409952,-75.6437735,,
parkwood-hills,Parkwood Hills,SUNMAX  SUPERMARKET,,grocery,,1119 MEADOWLANDS DR E,45.3629646,-75.7121133,,
pineview,Pineview,23549 TD OTTAWA MANNED MARKET,,grocery,,1595 TELESAT CT,45.4292858,-75.6051041,,
pineview,Pineview,CIRCLE K,,grocery,,2063 MEADOWBROOK RD,45.4269622,-75.6009808,,
pineview,Pineview,LUNAR SUPERMARKET & MEAT SHOP,,grocery,,1669 CYRVILLE RD,45.4182461,-75.6080142,,
pineview,Pineview,MOE'S CONVENIENCE STORE,,grocery,,1665 CYRVILLE RD,45.418213,-75.6081073,,
pineview,Pineview,PETRO CANADA,,grocery,,1941 INNES RD,45.4193934,-75.5963035,,
pineview,Pineview,SEAWAY GAS,,grocery,,1627 CYRVILLE RD,45.4186442,-75.610237,,
playfair-park-guildwood-estates,Playfair Park - Guildwood Estates,CEDARS & CO. FOOD MARKET,,grocery,,1793 KILBORN AVENUE,45.3880541,-75.6454338,,
portobello-south,Portobello South,BULK BARN,,grocery,,2020 LANTHIER DR,45.4582181,-75.4930905,,
portobello-south,Portobello South,CIRCLE K,,grocery,,2302 TENTH LINE RD,45.4507803,-75.4830486,,
portobello-south,Portobello South,CIRCLE K,,grocery,,2302 TENTH LINE RD,45.450787,-75.4830632,,
portobello-south,Portobello South,DOLLARAMA,,grocery,,2276 TENTH LINE RD,45.4516009,-75.4840336,,
portobello-south,Portobello South,FARM BOY,,grocery,,2030 TENTH LINE RD,45.4584073,-75.4877257,,
portobello-south,Portobello South,MOBIL AT SUPERSTORE,,grocery,,4270 INNES RD,45.4571245,-75.4952251,,
portobello-south,Portobello South,NEHLES MEAT GROCERY AND BBQ SHOP,,grocery,,2226 LANTHIER DR,45.4569725,-75.4923059,,
portobello-south,Portobello South,PETRO CANADA,,grocery,,4358 INNES RD,45.4594,-75.4911803,,
portobello-south,Portobello South,REAL CANADIAN SUPERSTORE,,grocery,,4270 INNES RD,45.4571245,-75.4952251,,
portobello-south,Portobello South,RHEMA'S MARKET,,grocery,,4380 INNES RD,45.4599028,-75.4901508,,
portobello-south,Portobello South,SHOPPERS DRUG MART,,grocery,,2301 TENTH LINE RD,45.4513667,-75.4814737,,
portobello-south,Portobello South,SOBEYS,,grocery,,5150 INNES RD,45.4693494,-75.4560411,,
portobello-south,Portobello South,SOBEYS,,grocery,,5150 INNES RD,45.4693494,-75.4560411,,
portobello-south,Portobello South,SOBEYS ORLEANS,,grocery,,2276 TENTH LINE RD,45.4518215,-75.4828122,,
queenswood-chatelaine,Queenswood - Chatelaine,MAGGY'S MART,,grocery,,8154 JEANNE D&#39;ARC BOULEVARD,45.4875472,-75.5116649,,
queenswood-heights,Queenswood Heights,CIRCLE K,,grocery,,385 TOMPKINS AVE,45.4772338,-75.4977959,,
queenswood-heights,Queenswood Heights,DOLLARAMA,,grocery,,110 PLACE D&#39;ORLEANS DR,45.4781702,-75.5155527,,
queenswood-heights,Queenswood Heights,DOLLARAMA,,grocery,,1226 PLACE D&#39;ORLEANS DR,45.4766215,-75.5228413,,
queenswood-heights,Queenswood Heights,FARM BOY,,grocery,,3035 ST JOSEPH BLVD,45.4776536,-75.5132978,,
queenswood-heights,Queenswood Heights,FETCH LOCAL MARKET,,grocery,,245 CENTRUM BLVD,45.4806423,-75.5113908,,
queenswood-heights,Queenswood Heights,ISTANBUL FOOD MART,,grocery,,375 DES &#207;&#191;&#189;PINETTES AVE,45.4661877,-75.4957745,,
queenswood-heights,Queenswood Heights,MAC'S SUSHI,,grocery,,110 PLACE D&#39;ORL&#207;&#191;&#189;ANS DR,45.4781702,-75.5155527,,
queenswood-heights,Queenswood Heights,NO FRILLS,,grocery,,1226 PLACE D&#39;ORLEANS DRIVE,45.4766215,-75.5228413,,
queenswood-heights,Queenswood Heights,PETRO CANADA,,grocery,,3055 ST. JOSEPH BOULEVARD,45.4783429,-75.5124856,,
queenswood-heights,Queenswood Heights,PHARMACIE BEAUSEJOUR,,grocery,,1220 PLACE D&#39;ORLEANS DR,45.4768188,-75.5205429,,
queenswood-heights,Queenswood Heights,REXALL,,grocery,,110 PLACE D&#39;ORLEANS DR,45.4785994,-75.5151663,,
queenswood-heights,Queenswood Heights,SHOPPERS DRUG MART,,grocery,,2954 ST JOSEPH BLVD,45.4750981,-75.5164844,,
rideau-crest-davidson-heights,Rideau Crest - Davidson Heights,FARM BOY,,grocery,,3033 WOODROFFE AVE,45.2881771,-75.7251596,,
rideau-crest-davidson-heights,Rideau Crest - Davidson Heights,FRESHCO,,grocery,,350 CRESTHAVEN DR,45.2739202,-75.7099862,,
rideau-crest-davidson-heights,Rideau Crest - Davidson Heights,QUICKIE CONVENIENCE STORES,,grocery,,1 RIDEAUCREST DR,45.2848213,-75.7225639,,
riverside-park-mooney-s-bay,Riverside Park - Mooney's Bay,AISLE 24,,grocery,,770 BROOKFIELD RD,45.3725996,-75.6883043,,
riverside-park-mooney-s-bay,Riverside Park - Mooney's Bay,BOSBAN MART INC.,,grocery,,2960 RIVERSIDE DR.,45.3698605,-75.6912714,,
riverside-park-mooney-s-bay,Riverside Park - Mooney's Bay,MOONEY'S BAY GROCETERIA,,grocery,,2660 NORBERRY CRESCENT,45.368169,-75.6833812,,
riverside-south-leitrim,Riverside South - Leitrim,BRIERLEY'S YOUR INDEPENDANT GROCER,,grocery,,671 RIVER RD,45.2708593,-75.6990013,,
riverside-south-leitrim,Riverside South - Leitrim,CIRCLE K CONVENIENCE STORE,,grocery,,4184 SPRATT RD,45.2833093,-75.6858937,,
riverside-south-leitrim,Riverside South - Leitrim,GOOD HEALTH PHARMACY,,grocery,,4188 SPRATT RD,45.2832025,-75.6862356,,
riverside-south-leitrim,Riverside South - Leitrim,M&M FOOD MARKET,,grocery,,4456 LIMEBANK ROAD,45.2871182,-75.672203,,
riverside-south-leitrim,Riverside South - Leitrim,MACEWEN PETROLEUM,,grocery,,685 RIVER RD,45.2702097,-75.698177,,
riverview,Riverview,BASHAYER CONVENIENCE STORE,,grocery,,1785 FROBISHER LN,45.4013491,-75.6655629,,
riverview,Riverview,BOSBAN MART INC,,grocery,,1760 ST. LAURENT BLVD,45.4046083,-75.6270524,,
riverview,Riverview,BULK BARN,,grocery,,197 TRAINYARDS DR,45.4115224,-75.6383346,,
riverview,Riverview,CHUCK'S DELI & CONVENIENCE,,grocery,,100 TRAINYARDS DR,45.4134312,-75.6449593,,
riverview,Riverview,DOLLARAMA,,grocery,,500 TERMINAL AVE,45.4144745,-75.6471402,,
riverview,Riverview,FARM BOY,,grocery,,830 BELFAST RD,45.412515,-75.6380428,,
riverview,Riverview,FARM BOY,,grocery,,830 BELFAST RD,45.412515,-75.6380428,,
riverview,Riverview,FARM BOY,,grocery,,665 INDUSTRIAL AVE,45.4108686,-75.6394562,,
riverview,Riverview,HEALTHY PLANET,,grocery,,590 INDUSTRIAL AVE,45.4107468,-75.6425309,,
riverview,Riverview,M.H TUCK SHOP,,grocery,,1551 RIVERSIDE DR,45.4084827,-75.6627194,,
riverview,Riverview,M&M FOOD MARKET,,grocery,,197 TRAINYARDS DR,45.4115224,-75.6383346,,
riverview,Riverview,MACEWEN PETROLEUM,,grocery,,1515 ST. LAURENT BOULEVARD,45.4122577,-75.6301301,,
riverview,Riverview,MACEWEN PETROLEUM,,grocery,,5546 ALBION RD,45.4122577,-75.6301301,,
riverview,Riverview,PETRO CANADA,,grocery,,1740 ST. LAURENT BOULEVARD,45.405315,-75.62679,,
riverview,Riverview,PIONEER - ON THE RUN,,grocery,,631 INDUSTRIAL AVE,45.4112034,-75.6409101,,
riverview,Riverview,SHAFIE FOOD CENTER CONVENIENCE STORE,,grocery,,1785 FROBISHER LN,45.4013492,-75.665472,,
riverview,Riverview,SHOPPERS DRUG MART,,grocery,,1559 ALTA VISTA DR,45.4087609,-75.6571787,,
riverview,Riverview,SHUN FAT HING GROCERY,,grocery,,1179 PARISIEN ST,45.4192245,-75.6274902,,
riverview,Riverview,SMART SUPER CONVENIENCE INC.,,grocery,,1755 FROBISHER LN,45.4020188,-75.6652717,,
riverview,Riverview,SMYTH MEDICAL PHARMACY,,grocery,,1929 RUSSELL,45.4017087,-75.6250141,,
riverview,Riverview,WALMART,,grocery,,450 TERMINAL AVE,45.4131465,-75.6496399,,
rothwell-heights-beacon-hill-north,Rothwell Heights - Beacon Hill North,CIRCLE K,,grocery,,2075 MONTREAL RD,45.4480174,-75.5939265,,
rothwell-heights-beacon-hill-north,Rothwell Heights - Beacon Hill North,PRONTO FOOD MART,,grocery,,1-5350 CANOTEK RD,45.4539654,-75.5835535,,
rothwell-heights-beacon-hill-north,Rothwell Heights - Beacon Hill North,SHOPPERS DRUG MART,,grocery,,2339 OGILVIE RD,45.4520463,-75.5979908,,
sandy-hill,Sandy Hill,CIRCLE K,,grocery,,210 LAURIER AVENUE EAST,45.4256518,-75.6817806,,
sandy-hill,Sandy Hill,CIRCLE K,,grocery,,120 OSGOODE STREET,45.4237455,-75.6809046,,
sandy-hill,Sandy Hill,FARM BOY,,grocery,,50 RIDEAU STREET,45.4252795,-75.6929819,,
sandy-hill,Sandy Hill,HASTY MARKET,,grocery,,596 RIDEAU ST,45.4329124,-75.6754193,,
sandy-hill,Sandy Hill,PETRO CANADA,,grocery,,292 RIDEAU STREET,45.4286644,-75.6852652,,
sandy-hill,Sandy Hill,QUICKIE CONVENIENCE STORE,,grocery,,490 RIDEAU STREET,45.4313639,-75.6789635,,
sandy-hill,Sandy Hill,QUICKIE CONVENIENCE STORES,,grocery,,287 SOMERSET STREET EAST,45.4237649,-75.6766297,,
sandy-hill,Sandy Hill,SHOPPERS DRUG MART,,grocery,,50 RIDEAU STREET,45.4252741,-75.6929843,,
sandy-hill,Sandy Hill,SHOPPERS DRUG MART,,grocery,,322 RIDEAU STREET,45.4288897,-75.6847071,,
south-keys,South Keys,AFRICAN QUEEN SUPERMARKET,,grocery,,2430 BANK ST,45.353268,-75.64878,,
south-keys,South Keys,BULK BARN,,grocery,,2210 BANK ST,45.3556337,-75.6546138,,
south-keys,South Keys,DOLLARAMA,,grocery,,1009 DAZ&#207;&#191;&#189; ST,45.3538958,-75.651747,,
south-keys,South Keys,GO NUTS,,grocery,,1009 DAZ&#207;&#191;&#189; ST,45.3538958,-75.651747,,
south-keys,South Keys,LOBLAWS,,grocery,,2210 BANK STREET,45.3556337,-75.6546138,,
south-keys,South Keys,WALMART,,grocery,,2210 BANK STREET,45.3556337,-75.6546138,,
stittsville,Stittsville,CIRCLE K,,grocery,,1 HOBIN ST,45.2647354,-75.9292087,,
stittsville,Stittsville,DOLLARAMA,,grocery,,1300 STITTSVILLE MAIN ST,45.2656448,-75.9290512,,
stittsville,Stittsville,NO FRILLS,,grocery,,30 IBER RD,45.2807807,-75.9127044,,
stittsville,Stittsville,PETRO CANADA,,grocery,,6250 HAZELDEAN RD,45.2679533,-75.9382215,,
stittsville,Stittsville,SHOPPERS DRUG MART,,grocery,,1300 STITTSVILLE MAIN ST,45.2656448,-75.9290512,,
stittsville,Stittsville,STITTSVILLE DRUG MART IDA,,grocery,,1250 STITTSVILLE MAIN ST,45.2688839,-75.93083,,
stittsville,Stittsville,STITTSVILLE FARMERS' MARKET,,grocery,,6154 ABBOTT ST E,45.2588226,-75.9201954,,
stittsville,Stittsville,YOUR INDEPENDENT GROCER - BROWN'S,,grocery,,1251 STITTSVILLE MAIN ST,45.268974,-75.9284036,,
stittsville-east,Stittsville East,BULK BARN,,grocery,,5375 FERNBANK RD,45.273385,-75.8713253,,
stittsville-east,Stittsville East,M&M FOOD MARKET,,grocery,,1144 TERRY FOX DRIVE,45.2767818,-75.8748122,,
stittsville-east,Stittsville East,WALMART,,grocery,,500 EARL GREY DR,45.2751665,-75.872314,,
stittsville-east,Stittsville East,WALMART,,grocery,,5357 FERNBANK RD,45.2761692,-75.8735602,,
stittsville-north,Stittsville North,CABELA'S RETAIL CANADA INC.,,grocery,,3065 PALLADIUM DR,45.2898892,-75.9321211,,
stittsville-north,Stittsville North,ESSO WAYPOINT STITTSVILLE,,grocery,,5899 HAZELDEAN RD,45.2779259,-75.9210034,,
stittsville-north,Stittsville North,FARM BOY STITTSVILLE,,grocery,,6315 HAZELDEAN RD,45.2664584,-75.9409909,,
stittsville-north,Stittsville North,FOOD BASICS,,grocery,,5703 HAZELDEAN RD,45.2852428,-75.9135979,,
stittsville-north,Stittsville North,GIANT TIGER,,grocery,,6081 HAZELDEAN RD,45.2724542,-75.9329283,,
stittsville-north,Stittsville North,GREEN FRESH SUPERMARKET,,grocery,,5487 HAZELDEAN RD,45.2905137,-75.9041546,,
stittsville-north,Stittsville North,MACEWEN PETROLEUM,,grocery,,2070 CARP RD,45.2756404,-75.9496328,,
stittsville-north,Stittsville North,PETRO CANADA,,grocery,,6061 HAZELDEAN RD,45.2725313,-75.9306396,,
stittsville-north,Stittsville North,ULTRAMAR ON THE RUN,,grocery,,5943 HAZELDEAN RD,45.2763548,-75.9235742,,
stonebridge-half-moon-bay,Stonebridge - Half Moon Bay,BULK BARN,,grocery,,3161 GREENBANK RD,45.2695671,-75.7453866,,
stonebridge-half-moon-bay,Stonebridge - Half Moon Bay,CANADIAN TIRE,,grocery,,2501 GREENBANK RD,45.2706289,-75.7463559,,
stonebridge-half-moon-bay,Stonebridge - Half Moon Bay,DOLLARAMA,,grocery,,3777 STRANDHERD DR,45.2681524,-75.7466046,,
stonebridge-half-moon-bay,Stonebridge - Half Moon Bay,LOBLAWS,,grocery,,3201 GREENBANK RD,45.2679847,-75.7435981,,
stonebridge-half-moon-bay,Stonebridge - Half Moon Bay,METRO-FOODBASICS,,grocery,,3831 CAMBRIAN RD,45.2484199,-75.7462999,,
stonebridge-half-moon-bay,Stonebridge - Half Moon Bay,PETRO CANADA,,grocery,,3775 STRANDHERD DR,45.2688673,-75.7495863,,
stonebridge-half-moon-bay,Stonebridge - Half Moon Bay,SHOPPERS DRUG MART,,grocery,,3781 STRANDHERD DR,45.2682208,-75.7512618,,
stonebridge-half-moon-bay,Stonebridge - Half Moon Bay,THAT CORNER STORE,,grocery,,3812 GREENBANK RD,45.2428942,-75.7301019,,
stonebridge-half-moon-bay,Stonebridge - Half Moon Bay,WALMART,,grocery,,3651 STRANDHERD DR,45.2718267,-75.7408564,,
trend-arlington,Trend-Arlington,METRO,,grocery,,250 GREENBANK ROAD,45.324716,-75.779813,,
vanier-north,Vanier North,CIRCLE K - SHELL,,grocery,,1 MONTREAL ROAD,45.4332134,-75.6697547,,
vanier-north,Vanier North,ESSO - CIRCLE K,,grocery,,395 MONTREAL RD,45.4390492,-75.6540399,,
vanier-north,Vanier North,FRESH GROCER,,grocery,,40 JOLLIET AVE,45.4431425,-75.6687168,,
vanier-north,Vanier North,IBJ MARKET &MULTI-SERVICES,,grocery,,23 MONTR&#207;&#191;&#189;AL RD,45.4333274,-75.6690153,,
vanier-north,Vanier North,J.M. GRACE FOOD MARKET INC,,grocery,,270 DUROCHER ST,45.4351514,-75.6653354,,
vanier-north,Vanier North,KABUL FOOD MARKET,,grocery,,355 MONTREAL RD,45.4387471,-75.6550568,,
vanier-north,Vanier North,KANZENG GROUPE MARCHE TROPICAL,,grocery,,267 MONTREAL RD,45.4367749,-75.6604855,,
vanier-north,Vanier North,METRO,,grocery,,50 BEECHWOOD AVENUE,45.4394956,-75.6756442,,
vanier-north,Vanier North,MINI CONFECTIONERY,,grocery,,273 MONTFORT ST,45.4389471,-75.6615451,,
vanier-north,Vanier North,NEW EDINBURGH PHARMACY,,grocery,,1 BEECHWOOD AVE,45.4385022,-75.677711,,
vanier-north,Vanier North,QUICKIE CONVENIENCE STORES,,grocery,,64 BEECHWOOD AVE,45.4401226,-75.6749723,,
vanier-north,Vanier North,ST CHARLES FOOD MART,,grocery,,46 ST. CHARLES ST,45.4395935,-75.6722276,,
vanier-north,Vanier North,STE ANNE CONVENIENCE,,grocery,,308 SHAKESPEARE ST,45.4395184,-75.6592304,,
vanier-north,Vanier North,VANIER CONVENIENCE STORE,,grocery,,101 LAVERGNE ST,45.4431274,-75.6652425,,
vanier-north,Vanier North,VANIER PHARMACY,,grocery,,355 MONTREAL ROAD,45.4387471,-75.6550568,,
vanier-south,Vanier South,CIRCLE K,,grocery,,313 MCARTHUR AVE,45.4319287,-75.6550232,,
vanier-south,Vanier South,ESSO - ON THE RUN/ CIRCLE K.,,grocery,,120 MONTREAL RD,45.4337202,-75.6659628,,
vanier-south,Vanier South,FRESHCO,,grocery,,320 MCARTHUR AVE,45.4314888,-75.6539056,,
vanier-south,Vanier South,GREEN FRESH SUPERMARKET,,grocery,,175 MCARTHUR AVENUE,45.4320192,-75.6628052,,
vanier-south,Vanier South,JASMIN MARKET,,grocery,,335 LACASSE AVE,45.4344553,-75.6565371,,
vanier-south,Vanier South,LA PAIX PHARMACY,,grocery,,390 MCARTHUR AVE,45.43192,-75.6501902,,
vanier-south,Vanier South,LOBLAWS,,grocery,,100 MCARTHUR AVENUE,45.4293341,-75.6648716,,
vanier-south,Vanier South,MCARTHUR FOOD MART,,grocery,,300 MCARTHUR AVE,45.4314481,-75.6559184,,
vanier-south,Vanier South,MCARTHUR HALAL MEAT & GROCERY,,grocery,,379 MCARTHUR AVE,45.4323187,-75.6505747,,
vanier-south,Vanier South,MIN-A-MART,,grocery,,158 MCARTHUR AVE,45.4306719,-75.6632249,,
vanier-south,Vanier South,PETRO CANADA,,grocery,,42 MONTREAL RD,45.4331463,-75.6683331,,
vanier-south,Vanier South,SHOPPERS DRUG MART,,grocery,,150 MONTREAL RD,45.4343364,-75.6646177,,
wateridge-village,Wateridge Village,REXALL,,grocery,,753 MONTREAL ROAD,45.4450941,-75.6365507,,
west-centretown,West Centretown,DRIVE THRU CONVENIENCE STORE,,grocery,,357 PRESTON ST,45.4010349,-75.7094477,,
west-centretown,West Centretown,LIM BANGKOK GROCERY,,grocery,,794 SOMERSET ST W,45.4095761,-75.7101316,,
west-centretown,West Centretown,MANPHONG SUPERMARKET,,grocery,,775 SOMERSET ST W,45.4101418,-75.7096661,,
west-centretown,West Centretown,MERCATO ZACCONI,,grocery,,215 PRESTON ST,45.4058749,-75.712216,,
west-centretown,West Centretown,PETRO CANADA,,grocery,,470 BRONSON AVE,45.4072541,-75.7037806,,
west-centretown,West Centretown,PETRO CANADA,,grocery,,676 SOMERSET ST W,45.4111151,-75.7059664,,
west-centretown,West Centretown,PHUOC-LOI GROCERY,,grocery,,791 SOMERSET ST W,45.4097509,-75.7104388,,
west-centretown,West Centretown,PRESTON FOOD MARKET,,grocery,,71 PRESTON STREET,45.4096406,-75.7148187,,
west-centretown,West Centretown,QUICKIE CONVENIENCE STORES,,grocery,,163 BELL ST N,45.4067337,-75.7056621,,
west-centretown,West Centretown,QUICKIE CONVINIENCE STORE,,grocery,,500 PRESTON ST,45.3981787,-75.7082322,,
west-centretown,West Centretown,ROMA CONFECTIONERY,,grocery,,258 ROCHESTER ST,45.406023,-75.7104354,,
west-centretown,West Centretown,SHIRAZ GROCERY,,grocery,,725 SOMERSET ST W,45.4106368,-75.7083878,,
west-centretown,West Centretown,SUPER HUNG PHAT GROCERY,,grocery,,139 ROCHESTER ST,45.4088823,-75.7117215,,
west-centretown,West Centretown,SUPER SWEET MART,,grocery,,237 ROCHESTER ST,45.4065568,-75.7103339,,
westboro,Westboro,AL-KALAA MINI MARKET,,grocery,,557 KIRKWOOD AVE,45.3891527,-75.7429241,,
westboro,Westboro,CIRCLE K,,grocery,,256 RICHMOND RD,45.393417,-75.750335,,
westboro,Westboro,FARM BOY,,grocery,,317 MCRAE,45.3960489,-75.7498115,,
westboro,Westboro,FOOD BASICS,,grocery,,667 KIRKWOOD AVE,45.3863658,-75.7388344,,
westboro,Westboro,REAL CANADIAN SUPERSTORE,,grocery,,190 RICHMOND RD,45.3942654,-75.7473437,,
whitehaven-woodpark-glabar-park,Whitehaven - Woodpark - Glabar Park,AMBLESIDE TUCK SHOP,,grocery,,1081 AMBLESIDE DR,45.3736078,-75.781158,,
whitehaven-woodpark-glabar-park,Whitehaven - Woodpark - Glabar Park,BULK BARN,,grocery,,2148 CARLING AVE,45.3694167,-75.7687714,,
whitehaven-woodpark-glabar-park,Whitehaven - Woodpark - Glabar Park,HASTY MARKET,,grocery,,2361 CARLING AVE,45.367192,-75.7790651,,
